{"commit":"b8111e3393c4ca1f2399ecfdfc1e9488029ebe7b","pagesAndArtboards":{"EBAD226C-DF82-49E7-AC3C-BFD7CC4DC7DC":{"name":"Page 1","artboards":{"71ECFD9F-71D3-4B58-97A7-3CDDBF51D38E":{"name":"Catalyst-Feed-Updated"},"7DE57A87-2D88-4885-B8A8-8039EA5E5BC9":{"name":"Catalyst-Feed-Discussion"},"9D726817-7493-435B-BACB-0775C17298FD":{"name":"Catalyst-User-Updated"}}}},"version":97,"fonts":["OpenSans-Bold","OpenSans","OpenSans-Semibold"],"compatibilityVersion":93,"app":"com.bohemiancoding.sketch3","autosaved":1,"variant":"NONAPPSTORE","created":{"commit":"b8111e3393c4ca1f2399ecfdfc1e9488029ebe7b","appVersion":"48.2","build":47327,"app":"com.bohemiancoding.sketch3","compatibilityVersion":93,"version":97,"variant":"NONAPPSTORE"},"saveHistory":["NONAPPSTORE.47327"],"appVersion":"48.2","build":47327}